{
  "tenant_id": {
    "0": "012336009752852",
    "1": "359290056708112",
    "2": "013327005405727",},
  "tenure": {
    "0": 2,
    "1": 4,
    "2": 3,},
  "employee": {
    "0": 3.0,
    "1": null,
    "2": 2.0,},
  "ownership": {
    "0": "rent",
    "1": "rent",
    "2": "own",},
  "avg_num_visit": {
    "0": 0.2219437834,
    "1": 6.9292473488,
    "2": 9.1001003492,},
  "avg_promotion": {
    "0": 0.6377520554,
    "1": 0.4038928449,
    "2": 0.1355324301,},
  "avg_sales_call_duration": {
    "0": 1.1500453913,
    "1": 0.3255919241,
    "2": 1.4844789879,},
  "avg_visit_duration": {
    "0": 4.4042881758,
    "1": 1.6954789264,
    "2": 13.9870752529,},
  "revenue": {
    "0": 3.5137966469,
    "1": -35.6930601008,
    "2": 110.2525960515,},
}